{
  "dataset": {
    "train_rows": 125973,
    "test_rows": 22544,
    "train_attack_rate": 0.4654171925730117,
    "test_attack_rate": 0.5692423704755145,
    "num_features_after_encoding": 122
  },
  "thresholds": {
    "autoencoder": 0.2183607965707779,
    "isolation_forest": 0.49946291850004204
  },
  "metrics": {
    "logistic_regression": {
      "accuracy": 0.756165720369056,
      "precision": 0.9170077307867213,
      "recall": 0.6285358061248344,
      "f1": 0.7458504785242036,
      "f2": 0.6707357637040979,
      "mcc": 0.5617512810112001,
      "confusion_matrix": [
        [
          8981,
          730
        ],
        [
          4767,
          8066
        ]
      ],
      "roc_auc": 0.7797916315452524,
      "pr_auc": 0.8612047981478369
    },
    "random_forest": {
      "accuracy": 0.7671220723917672,
      "precision": 0.9676822499074873,
      "recall": 0.6113145795994701,
      "f1": 0.7492836676217765,
      "f2": 0.6599202543784384,
      "mcc": 0.602961121228977,
      "confusion_matrix": [
        [
          9449,
          262
        ],
        [
          4988,
          7845
        ]
      ],
      "roc_auc": 0.9558646344324081,
      "pr_auc": 0.95831663686569
    },
    "isolation_forest": {
      "accuracy": 0.7602466288147622,
      "precision": 0.9312587087784486,
      "recall": 0.6249512974362971,
      "f1": 0.7479598974119841,
      "f2": 0.6689576938475911,
      "mcc": 0.5747888706888432,
      "confusion_matrix": [
        [
          9119,
          592
        ],
        [
          4813,
          8020
        ]
      ],
      "roc_auc": 0.9441640910026726,
      "pr_auc": 0.9539824638058846
    },
    "autoencoder": {
      "accuracy": 0.8465667139815471,
      "precision": 0.9296846351301797,
      "recall": 0.7902283176186394,
      "f1": 0.8543026831220252,
      "f2": 0.8146690231362468,
      "mcc": 0.7047601180100026,
      "confusion_matrix": [
        [
          8944,
          767
        ],
        [
          2692,
          10141
        ]
      ],
      "roc_auc": 0.9538512380507651,
      "pr_auc": 0.9505624964720067
    }
  },
  "error_by_category": {
    "logistic_regression": {
      "false_negatives": {
        "R2L": 2722,
        "DoS": 1334,
        "Probe": 531,
        "U2R": 180
      },
      "false_positives": {
        "normal": 730
      }
    },
    "random_forest": {
      "false_negatives": {
        "R2L": 2626,
        "DoS": 1526,
        "Probe": 656,
        "U2R": 180
      },
      "false_positives": {
        "normal": 262
      }
    },
    "isolation_forest": {
      "false_negatives": {
        "R2L": 2604,
        "DoS": 1863,
        "Probe": 276,
        "U2R": 70
      },
      "false_positives": {
        "normal": 592
      }
    },
    "autoencoder": {
      "false_negatives": {
        "R2L": 1671,
        "DoS": 878,
        "Probe": 110,
        "U2R": 33
      },
      "false_positives": {
        "normal": 767
      }
    }
  },
  "runtime_seconds": {
    "data_loading": 1.12,
    "logistic_regression": 1.99,
    "random_forest": 2.77,
    "isolation_forest": 0.83,
    "autoencoder": 10.56,
    "total_seconds": 18.84
  }
}